<?xml version="1.0" encoding="UTF-8"?>
<!-- Generated by eXe - http://exelearning.net -->
<manifest identifier="eXees_tu_casa65f96cbc2909ef45e91" 
xmlns:xsi="http://www.w3.org/2001/XMLSchema-instance" 
xmlns:adlcp="http://www.adlnet.org/xsd/adlcp_v1p3" 
xmlns:adlseq="http://www.adlnet.org/xsd/adlseq_v1p3" 
xmlns:adlnav="http://www.adlnet.org/xsd/adlnav_v1p3" 
xmlns:imsss="http://www.imsglobal.org/xsd/imsss" 
xmlns:lom="http://ltsc.ieee.org/xsd/LOM" 
xmlns:lomes="http://ltsc.ieee.org/xsd/LOM" 
xmlns="http://www.imsglobal.org/xsd/imscp_v1p1" 
xsi:schemaLocation="http://www.imsglobal.org/xsd/imscp_v1p1 imscp_v1p1.xsd http://ltsc.ieee.org/xsd/LOM lomCustom.xsd http://www.adlnet.org/xsd/adlcp_v1p3 adlcp_v1p3.xsd  http://www.imsglobal.org/xsd/imsss imsss_v1p0.xsd  http://www.adlnet.org/xsd/adlseq_v1p3 adlseq_v1p3.xsd http://www.adlnet.org/xsd/adlnav_v1p3 adlnav_v1p3.xsd"> 
<metadata> 
 <schema>ADL SCORM</schema> 
 <schemaversion>2004 4th Edition</schemaversion> 
 <adlcp:location>imslrm.xml</adlcp:location> 
</metadata> 
<organizations default="eXees_tu_casa65f96cbc2909ef45e92">  
    <organization identifier="eXees_tu_casa65f96cbc2909ef45e92" structure="hierarchical">
        <title>¿Cómo es tu casa?</title>
<item identifier="ITEM-eXees_tu_casa65f96cbc2909ef45e93" isvisible="true">
    <title>¿Cómo es tu casa?</title>
<item identifier="ITEM-eXees_tu_casa65f96cbc2909ef45e94" isvisible="true" identifierref="RES-eXees_tu_casa65f96cbc2909ef45e95">
    <title>¿Cómo es tu casa?</title>
</item>
<item identifier="ITEM-eXees_tu_casa65f96cbc2909ef45e96" isvisible="true" identifierref="RES-eXees_tu_casa65f96cbc2909ef45e97">
    <title>1. Tipos de casas</title>
</item>
<item identifier="ITEM-eXees_tu_casa65f96cbc2909ef45ea8" isvisible="true" identifierref="RES-eXees_tu_casa65f96cbc2909ef45ea9">
    <title>2. Partes de la casa</title>
</item>
<item identifier="ITEM-eXees_tu_casa65f96cbc2909ef45efa" isvisible="true" identifierref="RES-eXees_tu_casa65f96cbc2909ef45efb">
    <title>3. Plano de la casa</title>
</item>
<item identifier="ITEM-eXees_tu_casa65f96cbc2909ef45f2c" isvisible="true" identifierref="RES-eXees_tu_casa65f96cbc2909ef45f2d">
    <title>4. Tareas del hogar</title>
</item>
<item identifier="ITEM-eXees_tu_casa65f96cbc2909ef45f4e" isvisible="true" identifierref="RES-eXees_tu_casa65f96cbc2909ef45f4f">
    <title>5. Casas de otras culturas</title>
</item>
<item identifier="ITEM-eXees_tu_casa65f96cbc2909ef45f410" isvisible="true" identifierref="RES-eXees_tu_casa65f96cbc2909ef45f411">
    <title>6. Repaso y evaluación</title>
</item>
<item identifier="ITEM-eXees_tu_casa65f96cbc2909ef45f612" isvisible="true" identifierref="RES-eXees_tu_casa65f96cbc2909ef45f613">
    <title>7. Atribución y fichero descargable</title>
</item>
  <imsss:sequencing>
    <imsss:controlMode choice="true" choiceExit="true" flow="true" forwardOnly="false"/>
  </imsss:sequencing></item>
  <imsss:sequencing>
    <imsss:controlMode choice="true" choiceExit="true" flow="true" forwardOnly="false"/>
  </imsss:sequencing>  </organization>
</organizations>
<resources>
  <resource identifier="RES-eXees_tu_casa65f96cbc2909ef45e95" type="webcontent" adlcp:scormType="sco" href="index.html"> 
    <file href="index.html"/> 
    <file href="exe_html5.js"/>
    <dependency identifierref="COMMON_FILES"/>
  </resource>
  <resource identifier="RES-eXees_tu_casa65f96cbc2909ef45e97" type="webcontent" adlcp:scormType="sco" href="1_tipos_de_casas.html"> 
    <file href="1_tipos_de_casas.html"/> 
    <file href="exe_html5.js"/>
    <file href="pexels-curtis-adams-1694007-5353875.jpg"/>
    <file href="pexels-matreding-12707949.jpg"/>
    <file href="panel-amusements.png"/>
    <file href="common.js"/>
    <file href="stock-stop.png"/>
    <file href="cocina-dibujo.jpg"/>
    <dependency identifierref="COMMON_FILES"/>
  </resource>
  <resource identifier="RES-eXees_tu_casa65f96cbc2909ef45ea9" type="webcontent" adlcp:scormType="sco" href="2_partes_de_la_casa.html"> 
    <file href="2_partes_de_la_casa.html"/> 
    <file href="exe_html5.js"/>
    <file href="stock-stop.png"/>
    <file href="panel-amusements.png"/>
    <file href="common.js"/>
    <dependency identifierref="COMMON_FILES"/>
  </resource>
  <resource identifier="RES-eXees_tu_casa65f96cbc2909ef45efb" type="webcontent" adlcp:scormType="sco" href="3_plano_de_la_casa.html"> 
    <file href="3_plano_de_la_casa.html"/> 
    <file href="exe_html5.js"/>
    <file href="common.js"/>
    <dependency identifierref="COMMON_FILES"/>
  </resource>
  <resource identifier="RES-eXees_tu_casa65f96cbc2909ef45f2d" type="webcontent" adlcp:scormType="sco" href="4_tareas_del_hogar.html"> 
    <file href="4_tareas_del_hogar.html"/> 
    <file href="exe_html5.js"/>
    <file href="exequexthits.png"/>
    <file href="exequextrerrors.png"/>
    <file href="exequextsq.png"/>
    <file href="interactive-video-bg.gif"/>
    <file href="interactive-video-less.gif"/>
    <file href="interactive-video-loading.gif"/>
    <file href="interactive-video-more.gif"/>
    <file href="interactive-video-sorter.png"/>
    <file href="interactive-video.css"/>
    <file href="interactive-video.js"/>
    <dependency identifierref="COMMON_FILES"/>
  </resource>
  <resource identifier="RES-eXees_tu_casa65f96cbc2909ef45f4f" type="webcontent" adlcp:scormType="sco" href="5_casas_de_otras_culturas.html"> 
    <file href="5_casas_de_otras_culturas.html"/> 
    <file href="exe_html5.js"/>
    <dependency identifierref="COMMON_FILES"/>
  </resource>
  <resource identifier="RES-eXees_tu_casa65f96cbc2909ef45f411" type="webcontent" adlcp:scormType="sco" href="6_repaso_y_evaluacin.html"> 
    <file href="6_repaso_y_evaluacin.html"/> 
    <file href="exe_html5.js"/>
    <file href="aula.png"/>
    <file href="salon.png"/>
    <file href="patio(1).png"/>
    <file href="cocina_1.png"/>
    <file href="dormitorio_1.png"/>
    <file href="bano(1).png"/>
    <file href="edificio.png"/>
    <file href="colegio.png"/>
    <file href="casa(1).png"/>
    <file href="clasifica-activity.css"/>
    <file href="clasifica-activity.js"/>
    <file href="clasificaHome.png"/>
    <file href="clasificaIcon.png"/>
    <file href="draganddrop.js"/>
    <file href="exequextaudio.png"/>
    <file href="exequextcursor.gif"/>
    <file href="exequextfirstr.png"/>
    <file href="exequextfull.png"/>
    <file href="exequexthits.png"/>
    <file href="exequextlastr.png"/>
    <file href="exequextlive.png"/>
    <file href="exequextlost.png"/>
    <file href="exequextmin.png"/>
    <file href="exequextmoveon.png"/>
    <file href="exequextnextr.png"/>
    <file href="exequextnormal.png"/>
    <file href="exequextnumber.png"/>
    <file href="exequextone.png"/>
    <file href="exequextpause.png"/>
    <file href="exequextplayaudio.svg"/>
    <file href="exequextplayvideo.png"/>
    <file href="exequextpreviousr.png"/>
    <file href="exequextreload.png"/>
    <file href="exequextreply.png"/>
    <file href="exequextrerrors.png"/>
    <file href="exequextroscomin.png"/>
    <file href="exequextscore.png"/>
    <file href="exequextsq.png"/>
    <file href="exequexttime.png"/>
    <file href="exequexttwo.png"/>
    <file href="exequextvideo.png"/>
    <file href="exequextwon.png"/>
    <file href="quextCursor.gif"/>
    <file href="quextImageVideo.png"/>
    <file href="vquextReload.png"/>
    <file href="exe-rubrics.css"/>
    <file href="exe-rubrics.js"/>
    <dependency identifierref="COMMON_FILES"/>
  </resource>
  <resource identifier="RES-eXees_tu_casa65f96cbc2909ef45f613" type="webcontent" adlcp:scormType="sco" href="7_atribucin_y_fichero_descargable.html"> 
    <file href="7_atribucin_y_fichero_descargable.html"/> 
    <file href="exe_html5.js"/>
    <file href="Cmo_es_tu_casa.elp"/>
    <file href="download-package-licenses.png"/>
    <file href="download-package.css"/>
    <dependency identifierref="COMMON_FILES"/>
  </resource>
  <resource identifier="COMMON_FILES" type="webcontent" adlcp:scormType="asset">
    <file href="config.xml"/>
    <file href="content.css"/>
    <file href="EncodeSans-Light_latin-ext.woff2"/>
    <file href="EncodeSans-Light_latin.woff2"/>
    <file href="EncodeSans-Light_vietnamese.woff2"/>
    <file href="icon_atom.png"/>
    <file href="icon_award.png"/>
    <file href="icon_beach.png"/>
    <file href="icon_bulb.png"/>
    <file href="icon_camera.png"/>
    <file href="icon_classroom.png"/>
    <file href="icon_compass.png"/>
    <file href="icon_edia.png"/>
    <file href="icon_etwinning.png"/>
    <file href="icon_exe.png"/>
    <file href="icon_footprints.png"/>
    <file href="icon_free_license.png"/>
    <file href="icon_gears.png"/>
    <file href="icon_knowledge.png"/>
    <file href="icon_list.png"/>
    <file href="icon_microphone.png"/>
    <file href="icon_network.png"/>
    <file href="icon_plus.png"/>
    <file href="icon_presentation.png"/>
    <file href="icon_puzzle.png"/>
    <file href="icon_share.png"/>
    <file href="icon_stars.png"/>
    <file href="icon_talk.png"/>
    <file href="icon_teacher_screen.png"/>
    <file href="icon_telescope.png"/>
    <file href="icon_think.png"/>
    <file href="icon_tree.png"/>
    <file href="icon_write.png"/>
    <file href="nav.css"/>
    <file href="_intef_bg.png"/>
    <file href="_intef_footer.png"/>
    <file href="_intef_header.png"/>
    <file href="_intef_icons.png"/>
    <file href="_intef_js.js"/>
    <file href="_intef_left_column.gif"/>
    <file href="_intef_licenses.gif"/>
    <file href="_intef_menu.gif"/>
    <file href="_intef_print.png"/>
    <file href="_intef_title_bg.png"/>
    <file href="base.css"/>
    <file href="popup_bg.gif"/>
    <file href="exe_powered_logo.png"/>
    <file href="SCORM_API_wrapper.js"/>
    <file href="SCOFunctions.js"/>
    <file href="common.js"/>
    <file href="common_i18n.js"/>
    <file href="exe_jquery.js"/>
    <file href="content.xsd"/>
    <file href="content.data"/>
    <file href="contentv3.xml"/>
    <file href="imslrm.xml"/>
  </resource>
</resources>
</manifest>
